Model,Accuracy,Precision,Recall,F1-score,ROC-AUC
Logistic Regression sans PCA,0.9977142857142857,0.9965635738831615,0.9965635738831615,0.9965635738831615,0.9998352398437133
Random Forest sans PCA,1.0,1.0,1.0,1.0,1.0
Logistic Regression avec PCA,0.9645714285714285,0.9452054794520548,0.9484536082474226,0.9468267581475128,0.9928329332015251
Random Forest avec PCA,0.96,0.9923076923076923,0.8865979381443299,0.9364791288566243,0.9871134020618557
