Model,MAE,RMSE,R2
Linear Regression,840.5065859437947,6603.89683562725,0.6610791164476247
Random Forest Regressor,741.0159461771431,7342.254911681131,0.581055313675459
